{"val_ehr":0.8647546095661118,"val_f1":0.04417821040808686,"_step":5,"val_rec":0.195785631325701,"_timestamp":1.7813798786864984e+09,"test_prec":0.02395717061474224,"test_rec":0.19630758807588075,"_wandb":{"runtime":401},"epoch":5,"test_ehr":0.8703729334880432,"_runtime":401,"val_prec":0.024898191716076212,"train_loss":25.25494956970215,"test_f1":0.04270292177885856}