{"_runtime":449,"val_rec":0.17288866766218683,"epoch":5,"test_ehr":0.8796421233307457,"_wandb":{"runtime":449},"_step":5,"_timestamp":1.7813803500130312e+09,"test_rec":0.19275067750677508,"val_f1":0.040188988525696655,"val_prec":0.022737191236798463,"test_f1":0.04317474770468169,"val_ehr":0.8710860663179569,"train_loss":20.416335423787434,"test_prec":0.0243100059813723}