{"epoch":5,"test_rec":0.19444444444444445,"val_ehr":0.8645441136177205,"_timestamp":1.7813794472279272e+09,"_step":5,"test_f1":0.04227504557087883,"val_prec":0.024545952551514896,"val_rec":0.19329683092749295,"val_f1":0.04356035820449064,"test_ehr":0.8725609246823981,"test_prec":0.023715578325448797,"_wandb":{"runtime":400},"_runtime":400,"train_loss":22.814510981241863}