{"val_f1":0.04356035820449064,"_step":5,"val_ehr":0.8645441136177205,"test_f1":0.04227504557087883,"test_ehr":0.8725609246823981,"epoch":5,"val_rec":0.19329683092749295,"train_loss":22.814510981241863,"val_prec":0.024545952551514896,"test_prec":0.023715578325448797,"test_rec":0.19444444444444445,"_wandb":{"runtime":462},"_runtime":462,"_timestamp":1.7813787281514337e+09}