{"epoch":5,"val_ehr":0.8646730553360282,"_wandb":{"runtime":311},"val_prec":0.024914560567064682,"_runtime":311,"val_rec":0.1959515513522482,"val_f1":0.04420820153849034,"test_f1":0.04262295081967213,"test_rec":0.1959688346883469,"_step":5,"train_loss":24.248685836791992,"test_prec":0.023911875335840944,"test_ehr":0.8703973029438369,"_timestamp":1.7813806823659098e+09}