{"hallucination_rate":0.7777777777777778,"pmid":"24618873","mean_hallucination_rate":0.690166332033979,"_wandb":{"runtime":349},"_runtime":349,"_timestamp":1.7813560370491474e+09,"_step":50}