{"val_prec":0.13416701063403177,"test_ehr":0.800057276057276,"_runtime":13908,"_step":3,"_timestamp":1.7815269183073733e+09,"val_f1":0.15983178829323808,"val_rec":0.24365087853323147,"test_f1":0.15474802983520197,"test_prec":0.14928676646137948,"train_loss":0.6892392873764038,"_wandb":{"runtime":13908},"test_rec":0.20819526087947143,"val_ehr":0.7862408757908759,"epoch":3}